一级类目,二级类目,三级类目
居家生活,床品家纺,四件套
居家生活,床品家纺,乳胶枕
居家生活,床品家纺,枕头
居家生活,床品家纺,床笠枕套
居家生活,床品家纺,盖毯
居家生活,床品家纺,儿童床品
居家生活,床品家纺,被子
居家生活,床品家纺,毯子
居家生活,床品家纺,儿童床品
居家生活,床品家纺,四季款
居家生活,床品家纺,高支轻奢系列
居家生活,床品家纺,秋冬款
居家生活,办公家具,办公椅/工学椅
居家生活,办公家具,书桌/儿童学习书桌
居家生活,办公家具,升降台/支架
居家生活,床垫床褥,床垫
居家生活,床垫床褥,床褥
居家生活,床垫床褥,床单床笠
居家生活,床垫床褥,乳胶床垫
居家生活,毛巾布艺,毛巾/浴巾
居家生活,毛巾布艺,抱枕/坐垫
居家生活,毛巾布艺,地垫/地毯
居家生活,毛巾布艺,其他布艺
居家生活,生活电器,厨房电器
居家生活,生活电器,取暖电器
居家生活,生活电器,电子马桶盖
居家生活,生活电器,空气净化
居家生活,厨房用品,品质锅具
居家生活,厨房用品,保温杯/壶
居家生活,厨房用品,颜值餐具
居家生活,厨房用品,厨房纸品
居家生活,厨房用品,厨房清洁剂/皂
居家生活,厨房用品,清洁工具
居家生活,厨房用品,刀剪砧板
居家生活,厨房用品,餐厨配件
居家生活,厨房用品,茶具
居家生活,厨房用品,酒具
居家生活,收纳保鲜,收纳柜/箱
居家生活,收纳保鲜,收纳篮/袋
居家生活,收纳保鲜,厨房收纳
居家生活,家具家装,床/床头柜
居家生活,家具家装,沙发/沙发床
居家生活,家具家装,休闲椅/凳
居家生活,家具家装,茶几/电视柜
居家生活,家具家装,餐桌椅
居家生活,家具家装,餐边柜/储物柜
居家生活,家具家装,鞋架/衣帽架
居家生活,家具家装,卫浴净水
居家生活,家具家装,开关/灯具
居家生活,居家杂货,口罩防护
居家生活,居家杂货,养生保健
居家生活,居家杂货,医疗工具
居家生活,居家杂货,衣架/净化除味
居家生活,居家杂货,办公文具
居家生活,居家杂货,花艺/装饰品
居家生活,居家杂货,镜子/挂钟/香薰
居家生活,居家杂货,趣味玩具
居家生活,居家杂货,唱片CD
宠物生活,宠物主粮,猫粮
宠物生活,宠物主粮,犬粮
宠物生活,宠物零食,宠物罐头
宠物生活,宠物零食,冻干零食
宠物生活,宠物零食,肉类零食
宠物生活,宠物零食,乳酪饼干
宠物生活,宠物零食,猫薄荷/猫草
宠物生活,除味洗护,清洁除味
宠物生活,除味洗护,洗护美容
宠物生活,宠物日用,窝/垫
宠物生活,宠物日用,食具水具
宠物生活,宠物日用,宠物厕所
宠物生活,宠物日用,其他日用
宠物生活,医疗保健,营养补充食品
宠物生活,医疗保健,宠物药品
宠物生活,宠物玩具,宠物玩具
宠物生活,出行装备,出行装备
宠物生活,小宠乐园,水族世界
宠物生活,宠物精选,热销单品
宠物生活,新品尝鲜,新品尝鲜
服饰鞋包,男装,羽绒服
服饰鞋包,男装,外套/夹克
服饰鞋包,男装,西装/毛呢/风衣
服饰鞋包,男装,运动裤/卫裤
服饰鞋包,男装,牛仔裤
服饰鞋包,男装,针织毛衫
服饰鞋包,男装,卫衣
服饰鞋包,男装,衬衫
服饰鞋包,男装,POLO衫
服饰鞋包,女装,羽绒服/棉服
服饰鞋包,女装,羊绒羊毛衫
服饰鞋包,女装,外套/摇粒绒
服饰鞋包,女装,针织衫
服饰鞋包,女装,毛呢
服饰鞋包,女装,衬衫
服饰鞋包,女装,休闲裤
服饰鞋包,女装,牛仔裤
服饰鞋包,女装,裙装
服饰鞋包,居家内搭,YUNISHAPE系列
服饰鞋包,居家内搭,女式家居服
服饰鞋包,居家内搭,男式家居服
服饰鞋包,居家内搭,文胸
服饰鞋包,居家内搭,女式内衣
服饰鞋包,居家内搭,女式内裤
服饰鞋包,居家内搭,女袜
服饰鞋包,居家内搭,男袜
服饰鞋包,居家内搭,男式内裤
服饰鞋包,居家内搭,男式内衣
服饰鞋包,居家内搭,男女保暖套装
服饰鞋包,包袋,女士单肩包
服饰鞋包,包袋,女士斜挎包
服饰鞋包,包袋,男式双肩包
服饰鞋包,包袋,男包
服饰鞋包,包袋,女包
服饰鞋包,包袋,箱包
服饰鞋包,拖鞋,居家棉拖
服饰鞋包,拖鞋,亚麻拖鞋
服饰鞋包,拖鞋,亲子拖鞋
服饰鞋包,拖鞋,室外拖鞋
服饰鞋包,拖鞋,居家凉拖
服饰鞋包,鞋靴,男士休闲鞋
服饰鞋包,鞋靴,男士运动鞋
服饰鞋包,鞋靴,女士运动鞋
服饰鞋包,鞋靴,女士时装鞋
服饰鞋包,鞋靴,女士休闲鞋
服饰鞋包,鞋靴,女士靴子
服饰鞋包,珠宝配件,黄铂K金
服饰鞋包,珠宝配件,珍珠玛瑙
服饰鞋包,珠宝配件,时尚饰品
服饰鞋包,珠宝配件,围巾件套
服饰鞋包,珠宝配件,木串把件
服饰鞋包,珠宝配件,眼镜
服饰鞋包,童装童鞋,童装
服饰鞋包,童装童鞋,童鞋
服饰鞋包,童装童鞋,儿童家居服
美食酒水,中外名酒,茅台酒
美食酒水,中外名酒,国产酒
美食酒水,中外名酒,进口酒
美食酒水,中外名酒,名酒馆
美食酒水,乳饮茶水,乳品饮料
美食酒水,乳饮茶水,冲调饮品
美食酒水,乳饮茶水,茶包花茶
美食酒水,乳饮茶水,传统茗茶
美食酒水,乳饮茶水,茗茶礼盒
美食酒水,休闲零食,饼干糕点
美食酒水,休闲零食,方便速食
美食酒水,休闲零食,肉类零食
美食酒水,休闲零食,小食糖巧
美食酒水,休闲零食,坚果炒货
美食酒水,休闲零食,蜜饯果干
美食酒水,粮油调味,米面粮油
美食酒水,粮油调味,南北干货
美食酒水,粮油调味,调味酱菜
美食酒水,滋补保健,滋补食材
美食酒水,滋补保健,保健品
美食酒水,生鲜特色,水产海鲜
美食酒水,生鲜特色,水果蔬菜
美食酒水,生鲜特色,精选肉类
美食酒水,生鲜特色,冷冻冷藏
美食酒水,生鲜特色,网易黑猪
美食酒水,生鲜特色,园艺绿植
个护清洁,尖货大赏,爆款榜单
个护清洁,尖货大赏,新品尝鲜
个护清洁,面部护理,基础护肤
个护清洁,面部护理,卸妆洁面
个护清洁,面部护理,护肤工具
个护清洁,彩妆香水,彩妆修容
个护清洁,彩妆香水,香水香氛
个护清洁,彩妆香水,美妆工具
个护清洁,个人护理,洗发护发
个护清洁,个人护理,身体护理
个护清洁,个人护理,口腔护理
个护清洁,个人护理,女性护理
个护清洁,纸品清洁,纸品
个护清洁,纸品清洁,干湿巾
个护清洁,家清卫浴,衣物护理
个护清洁,家清卫浴,家庭清洁
个护清洁,家清卫浴,餐厨清洁
个护清洁,家清卫浴,毛巾浴巾
个护清洁,家清卫浴,浴室用品
个护清洁,成人用品,避孕套
个护清洁,成人用品,女用情趣
个护清洁,成人用品,男用情趣
个护清洁,成人用品,润滑液
母婴亲子,婴童精选,母婴热销
母婴亲子,婴童精选,黑马好物
母婴亲子,奶粉辅食,婴儿奶粉
母婴亲子,奶粉辅食,辅食营养品
母婴亲子,洗护喂养,洗护
母婴亲子,洗护喂养,喂养
母婴亲子,洗护喂养,尿裤纸品
母婴亲子,婴童寝居,床品套件
母婴亲子,婴童寝居,家具收纳
母婴亲子,婴童寝居,被枕芯类
母婴亲子,婴童寝居,抱被睡袋
母婴亲子,玩具出行,推车/安全座椅
母婴亲子,玩具出行,玩具
母婴亲子,玩具出行,文具
母婴亲子,童鞋配搭,儿童鞋
母婴亲子,童鞋配搭,学步鞋
母婴亲子,童鞋配搭,婴童推车/安全座椅/童车
母婴亲子,童鞋配搭,童包/雨具/泳装泳具
母婴亲子,童装,卫衣/毛衫
母婴亲子,童装,T恤/polo/衬衫
母婴亲子,童装,裤装
母婴亲子,童装,裙装
母婴亲子,童装,外套
母婴亲子,童装,套装/婴幼礼盒
母婴亲子,童装,婴儿爬服连体服
母婴亲子,孕产妈咪,妈咪用品
母婴亲子,孕产妈咪,孕妈服饰
运动旅行,户外服,男士户外服
运动旅行,户外服,女士户外服
运动旅行,户外服,男士运动服
运动旅行,户外服,女士运动服
运动旅行,运动鞋,男鞋
运动旅行,运动鞋,女鞋
运动旅行,运动鞋,运动户外鞋
运动旅行,行李箱,托运箱
运动旅行,行李箱,登机箱
运动旅行,行李箱,PC箱
运动旅行,行李箱,铝镁箱
运动旅行,行李箱,mini箱
运动旅行,户外出行,城市出行
运动旅行,户外出行,户外装备
运动旅行,男女包袋,男包
运动旅行,男女包袋,女包
运动旅行,男女包袋,运动户外包
运动旅行,旅行用品,旅行收纳
运动旅行,旅行用品,口罩眼罩
运动旅行,旅行用品,旅行一次性用品
运动旅行,旅行用品,雨具
运动旅行,旅行用品,家用护理
运动旅行,旅行用品,颈枕/毯/垫
运动旅行,配饰配件,围巾
运动旅行,配饰配件,眼镜
运动旅行,配饰配件,配件
运动旅行,健身塑形,健身器械
运动旅行,健身塑形,球类运动
运动旅行,健身塑形,游泳
运动旅行,健身塑形,跑步
运动旅行,健身塑形,瑜伽美体
运动旅行,健身塑形,休闲运动
运动旅行,露营野餐,野餐露营
运动旅行,露营野餐,运动水杯
数码家电,生活电器,清洁电器
数码家电,生活电器,衣物护理
数码家电,生活电器,空气调节
数码家电,生活电器,洗地机/吸尘器
数码家电,生活电器,智能马桶
数码家电,生活电器,两季电器
数码家电,按摩电器,腰靠/按摩肩带
数码家电,按摩电器,按摩椅
数码家电,个护电器,头发护理
数码家电,个护电器,口腔护理
数码家电,个护电器,面部护理
数码家电,个护电器,身体护理
数码家电,厨房电器,厨房电器
数码家电,智能生活,智能出行
数码家电,两季电器,取暖电器
数码家电,两季电器,两季电器
数码家电,数码影音,3C数码
数码家电,数码影音,手机配件
数码家电,数码影音,影音娱乐
数码家电,数码影音,车载用品
数码家电,数码影音,办公文具
严选全球,新品尝鲜,新品速递
严选全球,乳品保健,滋补保健
严选全球,居家日用,明星乳胶
严选全球,餐厨电器,个护电器
严选全球,品牌馆,大牌补贴
